-- phpMyAdmin SQL Dump
-- version 4.1.14.8
-- http://www.phpmyadmin.net
--
-- Servidor: db575335531.db.1and1.com
-- Tiempo de generación: 01-06-2015 a las 21:23:57
-- Versión del servidor: 5.1.73-log
-- Versión de PHP: 5.4.39-0+deb7u2

SET SQL_MODE = "NO_AUTO_VALUE_ON_ZERO";
SET time_zone = "+00:00";


/*!40101 SET @OLD_CHARACTER_SET_CLIENT=@@CHARACTER_SET_CLIENT */;
/*!40101 SET @OLD_CHARACTER_SET_RESULTS=@@CHARACTER_SET_RESULTS */;
/*!40101 SET @OLD_COLLATION_CONNECTION=@@COLLATION_CONNECTION */;
/*!40101 SET NAMES utf8 */;

--
-- Base de datos: `db575335531`
--

-- --------------------------------------------------------

--
-- Estructura de tabla para la tabla `deporte`
--

DROP TABLE IF EXISTS `deporte`;
CREATE TABLE IF NOT EXISTS `deporte` (
  `id` int(6) NOT NULL AUTO_INCREMENT,
  `nombre` varchar(50) NOT NULL,
  PRIMARY KEY (`id`)
) ENGINE=InnoDB  DEFAULT CHARSET=utf8 AUTO_INCREMENT=20 ;

--
-- Volcado de datos para la tabla `deporte`
--

INSERT INTO `deporte` (`id`, `nombre`) VALUES
(2, 'F&uacute;tbol'),
(11, 'Tenis'),
(13, 'Volley Playa'),
(14, 'Rugby'),
(15, 'Baloncesto'),
(18, 'Padel');

-- --------------------------------------------------------

--
-- Estructura de tabla para la tabla `horarios`
--

DROP TABLE IF EXISTS `horarios`;
CREATE TABLE IF NOT EXISTS `horarios` (
  `id` int(6) NOT NULL AUTO_INCREMENT,
  `inicio` varchar(5) NOT NULL,
  PRIMARY KEY (`id`)
) ENGINE=InnoDB  DEFAULT CHARSET=utf8 AUTO_INCREMENT=14 ;

--
-- Volcado de datos para la tabla `horarios`
--

INSERT INTO `horarios` (`id`, `inicio`) VALUES
(1, '09:00'),
(2, '10:00'),
(3, '11:00'),
(4, '12:00'),
(5, '13:00'),
(6, '14:00'),
(7, '15:00'),
(8, '16:00'),
(9, '17:00'),
(10, '18:00'),
(11, '19:00'),
(12, '20:00'),
(13, '21:00');

-- --------------------------------------------------------

--
-- Estructura de tabla para la tabla `pistas`
--

DROP TABLE IF EXISTS `pistas`;
CREATE TABLE IF NOT EXISTS `pistas` (
  `id` int(6) NOT NULL AUTO_INCREMENT,
  `nombre` varchar(50) NOT NULL,
  `id_deporte` int(6) NOT NULL,
  `precio_pista` float NOT NULL,
  `precio_luz` float NOT NULL,
  PRIMARY KEY (`id`),
  KEY `FK_2227D407B47F08D` (`id_deporte`)
) ENGINE=InnoDB  DEFAULT CHARSET=utf8 AUTO_INCREMENT=12 ;

--
-- Volcado de datos para la tabla `pistas`
--

INSERT INTO `pistas` (`id`, `nombre`, `id_deporte`, `precio_pista`, `precio_luz`) VALUES
(2, 'hierba artificial', 2, 50, 11),
(3, 'Medio Campo (F7)', 2, 25, 5.5),
(4, 'Arena Playa', 13, 10, 4),
(6, 'Cubierto', 15, 25, 10),
(7, 'Mini Basket', 15, 15, 5),
(8, 'teest', 15, 23, 10.5),
(9, 'Tierra Batida', 11, 18, 10.5),
(10, 'Pista de Cristal', 18, 11, 8.3);

-- --------------------------------------------------------

--
-- Estructura de tabla para la tabla `reservas`
--

DROP TABLE IF EXISTS `reservas`;
CREATE TABLE IF NOT EXISTS `reservas` (
  `id` int(6) NOT NULL AUTO_INCREMENT,
  `id_usuario` int(6) NOT NULL,
  `id_pista` int(6) NOT NULL,
  `id_hora` int(6) NOT NULL,
  `fecha_pista` date NOT NULL,
  `luz` int(1) NOT NULL,
  `fecha_log` timestamp NOT NULL DEFAULT CURRENT_TIMESTAMP,
  `anulado` int(1) NOT NULL DEFAULT '0',
  PRIMARY KEY (`id`),
  KEY `FK_4FA1275DB47F08D` (`id_usuario`),
  KEY `FK_5E0E26E8B47F08D` (`id_hora`),
  KEY `cuatripla` (`id_pista`,`id_hora`,`fecha_pista`,`anulado`)
) ENGINE=InnoDB  DEFAULT CHARSET=utf8 AUTO_INCREMENT=730 ;

--
-- Volcado de datos para la tabla `reservas`
--

INSERT INTO `reservas` (`id`, `id_usuario`, `id_pista`, `id_hora`, `fecha_pista`, `luz`, `fecha_log`, `anulado`) VALUES
(3, 20, 2, 4, '2015-04-28', 0, '2015-04-28 09:08:15', 0),
(4, 20, 3, 4, '2015-05-28', 0, '2015-04-28 09:08:28', 1),
(6, 20, 2, 7, '2015-04-28', 0, '2015-04-28 09:09:06', 0),
(10, 20, 3, 6, '2015-04-29', 1, '2015-04-28 22:38:24', 0),
(11, 20, 3, 7, '2015-04-29', 1, '2015-04-28 22:38:34', 0),
(16, 20, 3, 1, '2015-04-29', 0, '2015-04-29 00:53:26', 0),
(20, 20, 2, 3, '2015-04-30', 0, '2015-04-29 00:58:25', 0),
(22, 20, 2, 12, '2015-12-06', 0, '2015-04-29 01:09:02', 1),
(23, 20, 2, 11, '2016-02-28', 0, '2015-04-29 01:09:33', 1),
(25, 20, 2, 1, '2015-04-29', 0, '2015-04-29 10:43:50', 0),
(28, 20, 2, 3, '2015-04-29', 0, '2015-04-29 10:44:13', 0),
(29, 20, 3, 4, '2015-05-01', 0, '2015-05-01 04:39:43', 0),
(31, 20, 3, 7, '2015-05-01', 0, '2015-05-01 04:39:48', 0),
(33, 20, 3, 13, '2015-05-01', 0, '2015-05-01 04:39:54', 0),
(34, 20, 2, 1, '2015-05-04', 0, '2015-05-04 18:41:18', 0),
(36, 20, 3, 2, '2015-05-04', 0, '2015-05-04 18:41:21', 0),
(38, 20, 2, 5, '2015-05-04', 0, '2015-05-04 18:41:23', 0),
(41, 20, 3, 9, '2015-05-04', 0, '2015-05-04 18:41:25', 0),
(46, 20, 3, 11, '2015-05-04', 0, '2015-05-04 18:41:29', 0),
(49, 20, 2, 3, '2015-05-04', 0, '2015-05-04 19:02:02', 0),
(50, 20, 2, 13, '2015-05-04', 0, '2015-05-04 19:02:09', 0),
(51, 20, 3, 1, '2015-05-04', 0, '2015-05-04 19:35:10', 0),
(52, 20, 2, 9, '2015-05-04', 0, '2015-05-04 19:35:28', 0),
(53, 20, 2, 2, '2015-05-04', 0, '2015-05-04 19:45:14', 0),
(54, 20, 2, 13, '2015-05-09', 0, '2015-05-04 19:45:24', 1),
(55, 20, 2, 1, '2015-05-09', 0, '2015-05-04 19:47:33', 1),
(57, 20, 3, 3, '2015-05-09', 0, '2015-05-04 19:47:51', 0),
(58, 20, 2, 4, '2015-05-04', 0, '2015-05-04 20:37:09', 0),
(59, 20, 3, 3, '2015-05-04', 0, '2015-05-04 20:37:17', 0),
(64, 20, 3, 5, '2015-05-04', 0, '2015-05-04 20:37:28', 0),
(68, 20, 2, 11, '2015-05-04', 0, '2015-05-04 20:37:35', 0),
(73, 20, 2, 3, '2015-05-05', 0, '2015-05-04 20:37:43', 1),
(79, 20, 3, 1, '2015-05-05', 0, '2015-05-04 20:37:49', 0),
(86, 20, 3, 1, '2015-05-23', 0, '2015-05-04 20:37:58', 0),
(94, 20, 2, 1, '2015-05-23', 0, '2015-05-04 20:38:06', 0),
(103, 20, 3, 10, '2015-05-23', 0, '2015-05-04 20:38:25', 1),
(113, 20, 2, 6, '2015-05-23', 0, '2015-05-04 20:38:31', 0),
(114, 20, 2, 6, '2015-05-04', 0, '2015-05-04 20:49:55', 0),
(181, 20, 2, 2, '2015-05-05', 0, '2015-05-05 11:17:34', 0),
(183, 20, 3, 2, '2015-05-05', 0, '2015-05-05 11:17:41', 0),
(186, 20, 3, 3, '2015-05-05', 0, '2015-05-05 11:22:34', 1),
(187, 20, 2, 4, '2015-05-05', 0, '2015-05-05 21:11:13', 0),
(189, 20, 3, 4, '2015-05-05', 0, '2015-05-05 21:11:26', 0),
(190, 20, 3, 5, '2015-05-05', 0, '2015-05-05 21:27:30', 0),
(191, 20, 3, 13, '2015-05-05', 0, '2015-05-05 21:27:30', 1),
(192, 20, 3, 13, '2015-05-05', 0, '2015-05-05 21:28:21', 0),
(193, 20, 2, 2, '2015-05-09', 0, '2015-05-05 22:02:52', 1),
(195, 20, 2, 5, '2015-05-09', 0, '2015-05-05 22:02:58', 1),
(198, 20, 3, 2, '2015-05-09', 0, '2015-05-05 22:04:27', 1),
(202, 20, 3, 1, '2015-05-09', 0, '2015-05-05 22:04:33', 1),
(207, 20, 3, 4, '2015-05-09', 0, '2015-05-05 22:04:39', 1),
(213, 20, 2, 1, '2015-05-09', 0, '2015-05-05 22:06:21', 0),
(220, 20, 2, 3, '2015-05-09', 0, '2015-05-05 22:06:27', 1),
(228, 20, 3, 8, '2015-05-09', 0, '2015-05-05 22:06:32', 1),
(237, 20, 2, 6, '2015-05-09', 0, '2015-05-05 22:06:37', 1),
(246, 20, 2, 10, '2015-05-09', 0, '2015-05-05 22:06:43', 0),
(258, 20, 2, 9, '2015-05-09', 0, '2015-05-05 22:06:48', 0),
(270, 20, 2, 7, '2015-05-09', 0, '2015-05-05 22:06:53', 1),
(283, 20, 2, 4, '2015-05-09', 0, '2015-05-05 22:06:59', 1),
(297, 20, 3, 5, '2015-05-09', 0, '2015-05-05 22:07:05', 1),
(312, 20, 3, 10, '2015-05-09', 0, '2015-05-05 22:07:10', 0),
(328, 20, 3, 13, '2015-05-09', 0, '2015-05-05 22:07:16', 0),
(345, 20, 2, 12, '2015-05-09', 0, '2015-05-05 22:07:21', 0),
(363, 20, 2, 13, '2015-05-09', 0, '2015-05-05 22:07:27', 0),
(382, 20, 2, 11, '2015-05-09', 0, '2015-05-05 22:07:32', 0),
(402, 20, 2, 8, '2015-05-09', 0, '2015-05-05 22:07:37', 1),
(403, 20, 2, 1, '2015-05-10', 0, '2015-05-05 22:12:03', 1),
(404, 20, 2, 1, '2015-05-06', 0, '2015-05-06 09:54:26', 1),
(405, 20, 2, 1, '2015-05-06', 0, '2015-05-06 09:54:36', 0),
(406, 20, 3, 2, '2015-05-06', 0, '2015-05-06 09:54:36', 1),
(407, 20, 3, 2, '2015-05-06', 0, '2015-05-06 09:54:54', 0),
(409, 20, 2, 2, '2015-05-06', 0, '2015-05-06 09:54:54', 0),
(412, 20, 3, 1, '2015-05-06', 0, '2015-05-06 09:55:18', 1),
(414, 20, 3, 3, '2015-05-06', 0, '2015-05-06 09:55:44', 1),
(416, 20, 2, 3, '2015-05-06', 0, '2015-05-06 09:55:50', 1),
(417, 20, 3, 1, '2015-05-06', 0, '2015-05-06 10:05:04', 0),
(419, 20, 2, 3, '2015-05-06', 0, '2015-05-06 10:05:10', 0),
(421, 20, 3, 4, '2015-05-06', 0, '2015-05-06 10:05:39', 1),
(426, 20, 3, 5, '2015-05-06', 0, '2015-05-06 10:05:44', 1),
(427, 20, 3, 3, '2015-05-06', 0, '2015-05-06 10:10:14', 0),
(429, 20, 2, 4, '2015-05-06', 0, '2015-05-06 10:10:20', 1),
(431, 20, 2, 4, '2015-05-06', 0, '2015-05-06 10:10:42', 0),
(432, 20, 2, 5, '2015-05-06', 0, '2015-05-06 10:10:42', 1),
(433, 20, 3, 11, '2015-05-06', 0, '2015-05-06 18:13:45', 0),
(435, 20, 3, 13, '2015-05-06', 0, '2015-05-06 18:13:51', 0),
(436, 20, 3, 7, '2015-05-06', 0, '2015-05-06 19:55:53', 0),
(437, 20, 3, 9, '2015-05-06', 0, '2015-05-06 20:00:43', 0),
(438, 20, 2, 5, '2015-05-06', 0, '2015-05-06 20:35:38', 0),
(439, 20, 2, 9, '2015-05-06', 0, '2015-05-06 21:00:52', 0),
(440, 20, 2, 13, '2015-05-06', 0, '2015-05-06 21:01:00', 0),
(442, 20, 3, 10, '2015-05-06', 0, '2015-05-06 21:13:12', 0),
(443, 20, 3, 7, '2015-05-09', 0, '2015-05-06 21:13:49', 0),
(444, 20, 2, 2, '2015-05-07', 0, '2015-05-06 22:04:23', 1),
(445, 20, 2, 3, '2015-05-07', 0, '2015-05-06 22:04:28', 1),
(446, 20, 2, 6, '2015-05-07', 0, '2015-05-06 22:04:44', 1),
(447, 20, 2, 8, '2015-05-07', 0, '2015-05-06 22:05:05', 1),
(448, 20, 2, 7, '2015-05-07', 0, '2015-05-06 22:05:05', 1),
(449, 20, 2, 9, '2015-05-07', 0, '2015-05-06 22:05:26', 1),
(450, 20, 2, 4, '2015-05-07', 0, '2015-05-07 10:08:24', 1),
(451, 20, 2, 7, '2015-05-07', 0, '2015-05-07 10:08:32', 0),
(452, 20, 3, 7, '2015-05-07', 0, '2015-05-07 11:57:15', 0),
(453, 20, 3, 2, '2015-05-07', 0, '2015-05-07 11:57:21', 0),
(454, 20, 2, 1, '2015-05-07', 0, '2015-05-07 11:57:30', 0),
(455, 20, 2, 3, '2015-05-07', 0, '2015-05-07 11:57:38', 0),
(456, 20, 3, 9, '2015-05-07', 0, '2015-05-07 12:01:38', 0),
(457, 20, 2, 8, '2015-05-07', 0, '2015-05-07 12:01:44', 0),
(458, 20, 3, 8, '2015-05-07', 0, '2015-05-07 12:01:51', 1),
(459, 124, 2, 3, '2015-05-10', 0, '2015-05-10 17:57:38', 0),
(460, 20, 2, 5, '2015-05-10', 0, '2015-05-10 17:58:19', 1),
(461, 20, 2, 5, '2015-05-10', 0, '2015-05-10 18:00:20', 0),
(462, 20, 2, 1, '2015-05-12', 1, '2015-05-12 19:53:34', 0),
(463, 20, 2, 2, '2015-05-12', 1, '2015-05-12 19:58:47', 0),
(464, 20, 2, 1, '2015-05-13', 0, '2015-05-12 23:04:50', 1),
(465, 20, 3, 2, '2015-05-13', 0, '2015-05-12 23:05:16', 0),
(466, 20, 2, 7, '2015-05-13', 0, '2015-05-12 23:05:24', 0),
(467, 20, 3, 2, '2015-06-19', 0, '2015-05-12 23:05:53', 1),
(468, 20, 2, 4, '2015-06-19', 0, '2015-05-12 23:06:00', 1),
(469, 129, 2, 2, '2015-05-13', 0, '2015-05-13 15:18:05', 0),
(470, 129, 3, 4, '2015-05-13', 0, '2015-05-13 15:18:12', 0),
(474, 20, 2, 1, '2015-05-14', 0, '2015-05-14 16:56:59', 1),
(475, 20, 2, 1, '2015-05-14', 0, '2015-05-14 16:56:59', 1),
(476, 20, 3, 1, '2015-05-14', 0, '2015-05-14 16:57:04', 1),
(477, 20, 2, 4, '2015-05-14', 0, '2015-05-14 16:57:12', 1),
(478, 20, 2, 2, '2015-05-14', 0, '2015-05-14 16:57:17', 1),
(479, 20, 2, 3, '2015-05-14', 0, '2015-05-14 16:57:24', 1),
(480, 20, 3, 2, '2015-05-14', 0, '2015-05-14 16:57:30', 1),
(481, 20, 3, 3, '2015-05-14', 0, '2015-05-14 16:57:55', 1),
(486, 20, 2, 5, '2015-05-14', 0, '2015-05-14 17:53:37', 1),
(487, 20, 3, 4, '2015-05-14', 0, '2015-05-14 17:53:43', 0),
(491, 20, 3, 5, '2015-05-14', 0, '2015-05-14 17:55:40', 0),
(492, 20, 3, 6, '2015-05-14', 0, '2015-05-14 17:55:45', 1),
(493, 20, 2, 6, '2015-05-14', 0, '2015-05-14 17:55:50', 1),
(494, 20, 2, 8, '2015-05-14', 0, '2015-05-14 17:55:58', 1),
(495, 20, 2, 9, '2015-05-14', 0, '2015-05-14 17:56:03', 1),
(496, 20, 2, 7, '2015-05-14', 0, '2015-05-14 17:56:21', 1),
(497, 20, 2, 1, '2015-05-14', 0, '2015-05-14 17:57:07', 1),
(498, 20, 3, 1, '2015-05-14', 0, '2015-05-14 17:57:12', 1),
(499, 20, 2, 1, '2015-05-14', 0, '2015-05-14 17:57:40', 1),
(500, 20, 2, 2, '2015-05-14', 0, '2015-05-14 17:57:49', 1),
(501, 20, 2, 1, '2015-05-14', 0, '2015-05-14 17:57:54', 1),
(502, 20, 2, 3, '2015-05-14', 0, '2015-05-14 17:58:33', 0),
(517, 20, 2, 3, '2015-05-15', 0, '2015-05-14 18:18:42', 1),
(518, 20, 2, 2, '2015-05-15', 1, '2015-05-14 18:18:47', 0),
(519, 20, 2, 5, '2015-05-15', 0, '2015-05-14 18:18:54', 0),
(520, 20, 2, 1, '2015-05-14', 0, '2015-05-14 18:54:43', 1),
(521, 135, 2, 1, '2015-05-16', 0, '2015-05-15 22:01:18', 0),
(522, 135, 3, 4, '2015-05-16', 0, '2015-05-15 22:01:23', 0),
(523, 135, 2, 6, '2015-05-16', 0, '2015-05-15 22:01:28', 0),
(524, 136, 3, 3, '2015-05-16', 0, '2015-05-15 22:03:51', 0),
(527, 136, 3, 2, '2015-05-16', 0, '2015-05-16 00:13:14', 0),
(528, 136, 2, 2, '2015-05-16', 0, '2015-05-16 00:13:20', 0),
(529, 136, 2, 7, '2015-05-16', 0, '2015-05-16 00:13:29', 0),
(530, 137, 2, 4, '2015-05-16', 0, '2015-05-16 00:14:54', 0),
(531, 137, 2, 11, '2015-05-16', 0, '2015-05-16 00:15:00', 0),
(532, 137, 3, 9, '2015-05-16', 0, '2015-05-16 00:15:05', 1),
(533, 137, 2, 3, '2015-05-16', 0, '2015-05-16 00:15:11', 0),
(534, 137, 3, 7, '2015-05-16', 0, '2015-05-16 00:15:32', 0),
(535, 137, 2, 10, '2015-05-16', 0, '2015-05-16 00:15:46', 0),
(536, 137, 2, 5, '2015-05-16', 0, '2015-05-16 00:15:55', 0),
(537, 137, 3, 5, '2015-05-30', 0, '2015-05-16 00:16:16', 0),
(538, 137, 2, 3, '2015-05-30', 0, '2015-05-16 00:16:21', 0),
(539, 137, 3, 1, '2015-05-30', 0, '2015-05-16 00:16:28', 0),
(540, 20, 2, 3, '2015-05-17', 0, '2015-05-17 20:50:11', 1),
(541, 20, 3, 3, '2015-05-17', 1, '2015-05-17 20:50:17', 0),
(542, 20, 2, 7, '2015-05-17', 1, '2015-05-17 20:50:24', 0),
(543, 20, 3, 1, '2015-05-18', 1, '2015-05-17 22:34:45', 1),
(544, 20, 2, 4, '2015-05-18', 0, '2015-05-17 22:34:54', 1),
(545, 20, 3, 1, '2015-05-18', 1, '2015-05-17 22:41:38', 1),
(546, 20, 3, 13, '2015-05-31', 1, '2015-05-17 22:41:38', 1),
(547, 20, 3, 6, '2015-05-31', 1, '2015-05-17 22:41:38', 1),
(548, 20, 2, 13, '2015-05-31', 1, '2015-05-17 22:41:58', 1),
(549, 20, 3, 1, '2015-05-31', 1, '2015-05-17 22:42:13', 1),
(550, 20, 2, 2, '2015-05-18', 1, '2015-05-17 22:43:24', 1),
(551, 20, 2, 1, '2015-05-18', 0, '2015-05-18 12:25:56', 1),
(552, 20, 2, 7, '2015-05-18', 1, '2015-05-18 12:27:15', 0),
(553, 20, 2, 6, '2015-05-18', 0, '2015-05-18 12:28:00', 0),
(554, 20, 3, 8, '2015-05-28', 0, '2015-05-18 20:39:51', 1),
(555, 20, 2, 8, '2015-05-28', 0, '2015-05-18 20:39:58', 0),
(556, 20, 2, 2, '2015-05-30', 0, '2015-05-18 21:40:42', 1),
(557, 20, 2, 4, '2015-05-30', 0, '2015-05-18 21:40:48', 0),
(558, 20, 2, 13, '2015-05-30', 0, '2015-05-18 21:40:56', 0),
(559, 20, 2, 6, '2015-05-30', 0, '2015-05-18 21:41:02', 1),
(560, 20, 3, 3, '2015-05-19', 1, '2015-05-18 22:07:01', 0),
(561, 20, 3, 5, '2015-05-19', 1, '2015-05-18 22:07:07', 1),
(562, 20, 3, 4, '2015-05-19', 1, '2015-05-18 22:07:19', 0),
(563, 20, 2, 8, '2015-05-19', 0, '2015-05-18 22:07:25', 0),
(564, 20, 2, 3, '2015-05-19', 1, '2015-05-18 22:07:33', 0),
(565, 20, 3, 11, '2015-05-19', 1, '2015-05-18 22:07:40', 0),
(568, 139, 2, 6, '2015-05-19', 0, '2015-05-18 23:19:10', 0),
(569, 139, 3, 1, '2015-05-19', 0, '2015-05-18 23:19:32', 0),
(570, 139, 2, 5, '2015-06-01', 0, '2015-05-18 23:19:52', 1),
(571, 139, 3, 4, '2015-06-01', 0, '2015-05-18 23:20:01', 0),
(572, 139, 3, 7, '2015-05-19', 1, '2015-05-18 23:21:03', 0),
(573, 139, 2, 6, '2015-06-01', 1, '2015-05-18 23:21:03', 0),
(574, 139, 2, 2, '2015-05-28', 0, '2015-05-18 23:21:40', 1),
(576, 138, 2, 4, '2015-05-19', 1, '2015-05-19 12:22:28', 0),
(577, 138, 2, 2, '2015-05-19', 1, '2015-05-19 12:22:28', 0),
(580, 143, 2, 2, '2015-05-26', 0, '2015-05-24 20:52:52', 1),
(581, 143, 2, 1, '2015-05-26', 0, '2015-05-24 20:52:58', 1),
(582, 143, 2, 1, '2015-05-26', 0, '2015-05-24 20:53:13', 1),
(583, 143, 2, 4, '2015-05-26', 0, '2015-05-24 20:53:13', 1),
(591, 20, 2, 2, '2015-05-25', 1, '2015-05-25 03:51:46', 1),
(592, 20, 2, 9, '2015-05-25', 1, '2015-05-25 03:52:34', 1),
(593, 20, 2, 3, '2015-05-25', 1, '2015-05-25 09:26:50', 1),
(594, 20, 2, 5, '2015-05-25', 1, '2015-05-25 09:26:56', 1),
(595, 20, 2, 1, '2015-05-25', 1, '2015-05-25 09:27:04', 1),
(596, 20, 2, 2, '2015-05-25', 1, '2015-05-25 09:27:51', 1),
(597, 20, 2, 1, '2015-05-25', 0, '2015-05-25 09:27:56', 1),
(601, 20, 3, 10, '2015-05-25', 0, '2015-05-25 10:14:17', 0),
(603, 20, 3, 4, '2015-05-25', 0, '2015-05-25 10:18:03', 1),
(605, 20, 3, 2, '2015-05-25', 1, '2015-05-25 12:08:13', 1),
(610, 20, 2, 3, '2015-05-25', 1, '2015-05-25 14:00:49', 1),
(611, 20, 3, 7, '2015-05-25', 1, '2015-05-25 14:00:56', 1),
(612, 20, 3, 1, '2015-05-25', 1, '2015-05-25 14:40:03', 1),
(613, 20, 2, 4, '2015-05-29', 1, '2015-05-25 14:40:47', 0),
(614, 20, 3, 2, '2015-05-25', 1, '2015-05-25 14:40:47', 0),
(615, 20, 2, 1, '2015-05-25', 1, '2015-05-25 14:40:47', 0),
(616, 20, 2, 3, '2015-05-29', 0, '2015-05-25 14:40:56', 1),
(617, 20, 2, 2, '2015-05-29', 1, '2015-05-25 14:41:06', 0),
(618, 20, 2, 2, '2015-05-29', 1, '2015-05-25 14:41:06', 1),
(619, 20, 2, 9, '2015-05-25', 1, '2015-05-25 14:41:44', 1),
(620, 20, 3, 6, '2015-05-25', 1, '2015-05-25 14:41:50', 1),
(621, 20, 3, 11, '2015-05-25', 1, '2015-05-25 14:42:50', 0),
(622, 20, 3, 12, '2015-05-25', 1, '2015-05-25 14:48:07', 0),
(623, 20, 3, 9, '2015-05-25', 1, '2015-05-25 14:48:16', 1),
(624, 20, 2, 10, '2015-05-26', 1, '2015-05-25 14:48:30', 0),
(625, 144, 2, 3, '2015-05-25', 1, '2015-05-25 14:53:43', 1),
(626, 144, 3, 4, '2015-05-25', 1, '2015-05-25 14:54:04', 1),
(627, 144, 2, 4, '2015-05-25', 1, '2015-05-25 14:54:13', 1),
(628, 144, 2, 5, '2015-05-25', 1, '2015-05-25 14:55:37', 1),
(629, 144, 3, 11, '2015-05-28', 1, '2015-05-25 15:01:07', 1),
(630, 144, 3, 8, '2015-05-28', 1, '2015-05-25 15:01:07', 1),
(631, 144, 2, 3, '2015-05-25', 1, '2015-05-25 15:01:36', 1),
(632, 144, 3, 1, '2015-05-25', 1, '2015-05-25 15:03:11', 0),
(633, 20, 2, 3, '2015-05-25', 1, '2015-05-25 15:18:06', 0),
(634, 20, 3, 3, '2015-05-25', 1, '2015-05-25 15:18:17', 0),
(635, 20, 2, 4, '2015-05-25', 1, '2015-05-25 15:18:46', 0),
(636, 20, 3, 10, '2015-05-30', 1, '2015-05-25 15:19:43', 1),
(638, 20, 2, 8, '2015-05-30', 1, '2015-05-25 18:26:11', 1),
(639, 20, 3, 12, '2015-05-30', 0, '2015-05-25 18:26:18', 0),
(640, 20, 3, 3, '2015-05-30', 0, '2015-05-25 18:26:24', 0),
(641, 20, 2, 7, '2015-05-27', 0, '2015-05-25 18:26:37', 0),
(642, 20, 3, 11, '2015-05-27', 0, '2015-05-25 18:26:47', 0),
(643, 20, 2, 13, '2015-05-27', 1, '2015-05-25 18:26:54', 0),
(644, 20, 3, 4, '2015-05-27', 1, '2015-05-25 18:27:01', 0),
(657, 20, 3, 13, '2015-05-25', 1, '2015-05-25 19:33:12', 0),
(658, 145, 2, 2, '2015-05-25', 1, '2015-05-25 19:33:54', 1),
(660, 143, 3, 6, '2015-06-27', 0, '2015-05-27 19:07:14', 1),
(661, 143, 3, 6, '2015-06-27', 0, '2015-05-27 19:07:14', 1),
(662, 143, 2, 3, '2015-06-27', 0, '2015-05-27 19:07:20', 1),
(664, 143, 2, 11, '2015-05-28', 1, '2015-05-28 19:08:28', 0),
(665, 143, 2, 11, '2015-05-28', 1, '2015-05-28 19:08:28', 0),
(666, 143, 3, 4, '2015-05-28', 1, '2015-05-28 19:08:28', 0),
(667, 143, 3, 11, '2015-05-28', 1, '2015-05-28 19:08:34', 0),
(668, 143, 3, 13, '2015-05-28', 1, '2015-05-28 19:08:43', 0),
(669, 143, 3, 1, '2015-05-28', 1, '2015-05-28 19:08:58', 0),
(670, 143, 3, 6, '2015-05-28', 1, '2015-05-28 19:09:05', 0),
(671, 143, 2, 4, '2015-05-28', 1, '2015-05-28 19:09:11', 0),
(672, 143, 3, 9, '2015-05-28', 1, '2015-05-28 19:09:36', 0),
(673, 143, 3, 6, '2015-05-31', 0, '2015-05-28 19:09:44', 0),
(674, 143, 2, 3, '2015-05-31', 1, '2015-05-28 19:09:49', 0),
(675, 143, 3, 3, '2015-05-31', 1, '2015-05-28 19:09:54', 0),
(676, 143, 3, 10, '2015-05-31', 1, '2015-05-28 19:10:01', 0),
(677, 143, 2, 4, '2015-05-31', 1, '2015-05-28 19:10:41', 0),
(678, 143, 2, 8, '2015-05-31', 0, '2015-05-28 19:10:53', 0),
(679, 143, 2, 1, '2016-06-26', 1, '2015-05-28 19:11:26', 1),
(680, 143, 3, 1, '2016-06-26', 1, '2015-05-28 19:11:32', 0),
(681, 143, 2, 6, '2016-06-26', 1, '2015-05-28 19:11:37', 0),
(682, 143, 3, 8, '2016-06-26', 1, '2015-05-28 19:11:43', 0),
(683, 20, 3, 6, '2015-05-29', 1, '2015-05-29 04:53:30', 0),
(684, 20, 3, 2, '2015-05-29', 1, '2015-05-29 04:53:44', 1),
(685, 20, 2, 3, '2015-05-29', 1, '2015-05-29 04:53:51', 0),
(686, 20, 2, 7, '2015-05-29', 1, '2015-05-29 04:54:03', 0),
(687, 143, 3, 3, '2015-05-29', 0, '2015-05-29 06:56:12', 0),
(688, 143, 3, 5, '2015-05-29', 0, '2015-05-29 06:56:20', 0),
(689, 143, 8, 2, '2015-05-29', 1, '2015-05-29 07:12:00', 0),
(690, 143, 6, 3, '2015-05-29', 1, '2015-05-29 07:12:07', 0),
(691, 20, 3, 8, '2015-05-29', 1, '2015-05-29 07:39:23', 0),
(692, 20, 7, 1, '2015-07-10', 1, '2015-05-29 07:39:40', 0),
(693, 20, 6, 13, '2015-05-29', 1, '2015-05-29 07:39:51', 0),
(694, 20, 4, 5, '2015-05-29', 1, '2015-05-29 07:49:27', 0),
(695, 20, 4, 4, '2015-05-30', 1, '2015-05-29 07:56:36', 1),
(696, 20, 4, 8, '2015-05-30', 1, '2015-05-29 08:00:40', 0),
(697, 20, 8, 3, '2015-05-29', 1, '2015-05-29 08:00:53', 0),
(698, 20, 7, 8, '2015-05-31', 1, '2015-05-29 08:01:02', 0),
(699, 20, 8, 3, '2015-05-31', 0, '2015-05-29 08:01:10', 0),
(700, 20, 8, 4, '2015-05-31', 0, '2015-05-29 08:01:15', 0),
(701, 20, 6, 4, '2015-05-31', 0, '2015-05-29 08:01:22', 0),
(702, 20, 7, 8, '2015-05-29', 0, '2015-05-29 08:01:43', 0),
(703, 20, 4, 8, '2015-05-29', 1, '2015-05-29 08:09:47', 0),
(704, 147, 6, 12, '2015-05-29', 0, '2015-05-29 08:19:23', 0),
(705, 147, 6, 11, '2015-05-29', 1, '2015-05-29 08:19:38', 0),
(706, 147, 6, 11, '2015-05-29', 1, '2015-05-29 08:20:03', 0),
(707, 20, 6, 9, '2015-05-29', 1, '2015-05-29 08:21:58', 0),
(708, 147, 6, 8, '2015-05-29', 0, '2015-05-29 08:34:10', 0),
(709, 147, 6, 8, '2015-05-29', 0, '2015-05-29 08:34:19', 0),
(710, 147, 6, 8, '2015-05-29', 1, '2015-05-29 08:34:28', 0),
(711, 147, 6, 7, '2015-05-29', 0, '2015-05-29 08:38:00', 0),
(712, 20, 6, 5, '2015-05-29', 0, '2015-05-29 08:42:47', 0),
(713, 20, 8, 6, '2015-05-29', 0, '2015-05-29 08:42:55', 0),
(714, 20, 7, 2, '2015-05-29', 0, '2015-05-29 08:43:03', 0),
(715, 20, 7, 6, '2015-05-29', 1, '2015-05-29 08:43:11', 0),
(716, 143, 6, 3, '2015-05-30', 1, '2015-05-29 08:47:00', 0),
(717, 143, 4, 3, '2015-05-29', 1, '2015-05-29 08:54:38', 0),
(718, 143, 10, 5, '2015-05-29', 1, '2015-05-29 08:59:12', 0),
(719, 143, 9, 7, '2015-05-30', 1, '2015-05-29 09:01:43', 0),
(720, 20, 3, 13, '2015-05-29', 0, '2015-05-29 10:40:07', 0),
(721, 20, 3, 12, '2015-05-29', 1, '2015-05-29 10:40:23', 0),
(722, 20, 10, 2, '2015-06-26', 1, '2015-05-29 10:42:31', 0),
(723, 20, 10, 3, '2015-06-26', 1, '2015-05-29 10:43:06', 0),
(724, 143, 8, 13, '2015-05-29', 0, '2015-05-29 10:44:56', 0),
(725, 143, 9, 1, '2015-05-31', 1, '2015-05-29 10:45:22', 1),
(726, 143, 9, 7, '2015-05-31', 1, '2015-05-29 10:45:34', 0),
(727, 20, 2, 8, '2015-06-10', 0, '2015-05-31 16:51:14', 1),
(728, 143, 10, 2, '2015-05-31', 1, '2015-05-31 18:34:23', 0),
(729, 20, 9, 3, '2015-06-01', 0, '2015-06-01 17:03:46', 0);

-- --------------------------------------------------------

--
-- Estructura de tabla para la tabla `usuarios`
--

DROP TABLE IF EXISTS `usuarios`;
CREATE TABLE IF NOT EXISTS `usuarios` (
  `id` int(6) NOT NULL AUTO_INCREMENT,
  `nombre` varchar(50) NOT NULL,
  `apellidos` varchar(100) NOT NULL,
  `expediente` varchar(50) DEFAULT NULL,
  `dni` varchar(15) NOT NULL,
  `mail` varchar(50) NOT NULL,
  `password` varchar(50) NOT NULL,
  `rol` int(1) NOT NULL DEFAULT '0',
  `fecha_alta` timestamp NOT NULL DEFAULT CURRENT_TIMESTAMP,
  PRIMARY KEY (`id`),
  UNIQUE KEY `dni` (`dni`),
  UNIQUE KEY `mail` (`mail`),
  UNIQUE KEY `expediente` (`expediente`)
) ENGINE=InnoDB  DEFAULT CHARSET=utf8 AUTO_INCREMENT=148 ;

--
-- Volcado de datos para la tabla `usuarios`
--

INSERT INTO `usuarios` (`id`, `nombre`, `apellidos`, `expediente`, `dni`, `mail`, `password`, `rol`, `fecha_alta`) VALUES
(8, 'ignacio', 'rodriguez', '1234as56', '12344256h', 'ignacio@algo.com', '2891baceeef1652ee698294da0e71ba78a2a4064', 0, '2015-04-23 19:13:14'),
(10, 'asdasd', 'asdadasd', 'asdasdasd', '98907669X', 'asdasdsad@asdasd.es', '00ea1da4192a2030f9ae023de3b3143ed647bbab', 0, '2015-04-25 18:19:40'),
(11, '31610079Y', '31610079Y', '31610079Y', '31610079Y', 'asdasdpldfldf@ssd.es', '4150953a511f9f6d74e17d5ac22e8be54e9fab56', 0, '2015-04-25 18:36:05'),
(20, 'John', 'Doe', 'miExpediente', '82961091E', 'asd@asd.asd', '85136c79cbf9fe36bb9d05d0639c70c265c18d37', 0, '2015-04-27 13:47:03'),
(23, 'asdasdasd', 'asdasdasd', '25758840J', '25758840J', 'kskskkss@laspsffkd.es', 'a70792284ee6ac7380ec3b8381bdf8af6709414b', 0, '2015-04-27 22:06:39'),
(101, 'asdasdasd', 'sdfsdfsdfsdfd', '67799081A', '67799081A', 'adasdasd@aaaass.es', '4128046a9a4c34aa0efe12cc2c936e96f9369230', 0, '2015-04-29 01:00:52'),
(120, '77490183D', '77490183D', '77490183D', '77490183D', '77490183D@77490183D.es', 'cb2c90d514fa42946a07b74a365270128908bde3', 0, '2015-05-05 21:41:34'),
(121, 'asdasd', 'asdasd', '39184645M', '39184645M', '39184645M@39184645M.es', 'b0e152446f4c164559fad9cbb7f6560d6b592fa3', 0, '2015-05-06 20:35:21'),
(123, 'asdsda', 'weasda', '97464151H', '97464151H', '97464151H@97464151H.es', 'dd8a824391e3f7d6747749b1acf38166af42a050', 1, '2015-05-06 22:06:17'),
(124, 'Ignacio', 'L&oacute;pez', '11111', '02672538F', 'nacholch@yahoo.es', 'aa4a9f786afbc7c3ce73e9e9c77f4a477397adad', 0, '2015-05-10 17:51:23'),
(126, 'Ignacio', 'L&oacute;pez', '11112', '02672537Y', 'nacholch@gmail.com', 'aa4a9f786afbc7c3ce73e9e9c77f4a477397adad', 0, '2015-05-13 14:32:43'),
(127, '80259231H', '80259231H', '80259231H', '80259231H', '80259231H@80259231H.es', 'ed9fa536bb71f7cab1e4cae99d03739717b0f215', 0, '2015-05-13 15:02:55'),
(128, 'Prueba', 'Test', 'exp-003', '75686809L', 'perro@gato.es', '2231956b47592f68a49472bd7501c400fa29e5a1', 0, '2015-05-13 15:03:46'),
(129, '44279897K', '44279897K', '44279897K', '44279897K', '44279897K@44279897K.es', '147f8eb27f2efd228d04b1b8938100d7284c8ee6', 0, '2015-05-13 15:17:13'),
(131, 'Juan', 'Pueyo', '12345dfdfdf', '59490167T', 'juanpueyo@gmail.com', 'b1b3773a05c0ed0176787a4f1574ff0075f7521e', 0, '2015-05-14 10:14:14'),
(132, '26288798M', '26288798M', '26288798M', '26288798M', '26288798M@26288798M.es', 'e0fc5fb2de70c9618cda8b87030b8695ff12b494', 0, '2015-05-14 14:35:21'),
(133, '64810987T', '64810987T', '64810987T', '64810987T', '64810987T@ad.es', '514acc64f72416e4a29188062ecc63e4746de48e', 0, '2015-05-14 16:58:45'),
(135, 'John', 'Doe', '86596555Z', '86596555Z', 'john.doe@gmail.com', '2891baceeef1652ee698294da0e71ba78a2a4064', 0, '2015-05-15 20:39:40'),
(136, 'Manuel Pablo', 'Garc&iacute;a Rodr&iacute;guez', 'no tengo expediente', '48024271H', 'manuel.pablo@gmail.com', '2891baceeef1652ee698294da0e71ba78a2a4064', 0, '2015-05-15 22:02:31'),
(137, 'Antonio', 'Z&eacute;peda', '26021343V', '26021343V', 'antonio.zepeda@gmail.com', '2891baceeef1652ee698294da0e71ba78a2a4064', 0, '2015-05-16 00:14:28'),
(138, 'Barak', 'Obama', '02149462C', '02149462C', 'obama@casablanca.us', '85136c79cbf9fe36bb9d05d0639c70c265c18d37', 0, '2015-05-18 22:08:31'),
(139, 'Elvis', 'Presley', 'exp001', '51313051M', 'elvis@pelvis.com', '85136c79cbf9fe36bb9d05d0639c70c265c18d37', 0, '2015-05-18 23:16:30'),
(140, 'pepito', 'gr&iuml;ll&oacute; &ntilde;o', '63360485Q', '63360485Q', 'pepito@grillo.es', '85136c79cbf9fe36bb9d05d0639c70c265c18d37', 0, '2015-05-18 23:24:09'),
(141, 'Pery', 'Norton', 'dfghjjuk', '59448481J', 'per@norton.com', '85136c79cbf9fe36bb9d05d0639c70c265c18d37', 0, '2015-05-21 23:36:39'),
(143, 'John', 'Doe', 'admin', '06611424M', 'admin@asd.asd', '85136c79cbf9fe36bb9d05d0639c70c265c18d37', 1, '2015-05-24 20:44:10'),
(144, 'Antonio', 'Mart&iacute;n', 'MiExpdiente', '94366545Y', 'antoniom@gmail.com', '85136c79cbf9fe36bb9d05d0639c70c265c18d37', 0, '2015-05-25 14:52:22'),
(145, 'Marta', 'Perroni', 'exp-4454', '34524457P', 'marta_cerv@yahoo.es', '246284a7b0efdedae1755eeb7fa18453af80775c', 0, '2015-05-25 19:33:39'),
(146, 'Antonio', 'Muestas', 'exp-005', '36352527S', 'a.muestra@gmail.com', '85136c79cbf9fe36bb9d05d0639c70c265c18d37', 0, '2015-05-29 04:55:25'),
(147, 'Beatriz', 'Moe', '12345', '69474622v', 'G@h.com', '2e2187f3c0ed24018ca0b71283f4540662d6ba97', 0, '2015-05-29 08:18:43');

--
-- Restricciones para tablas volcadas
--

--
-- Filtros para la tabla `pistas`
--
ALTER TABLE `pistas`
  ADD CONSTRAINT `FK_2227D407B47F08D` FOREIGN KEY (`id_deporte`) REFERENCES `deporte` (`id`) ON DELETE CASCADE ON UPDATE CASCADE;

--
-- Filtros para la tabla `reservas`
--
ALTER TABLE `reservas`
  ADD CONSTRAINT `FK_4FA1275DB47F08D` FOREIGN KEY (`id_usuario`) REFERENCES `usuarios` (`id`) ON DELETE CASCADE ON UPDATE CASCADE,
  ADD CONSTRAINT `FK_5E0E26E8B47F08D` FOREIGN KEY (`id_hora`) REFERENCES `horarios` (`id`) ON DELETE CASCADE,
  ADD CONSTRAINT `FK_CD55B27DB47F08D` FOREIGN KEY (`id_pista`) REFERENCES `pistas` (`id`) ON DELETE CASCADE ON UPDATE CASCADE;

/*!40101 SET CHARACTER_SET_CLIENT=@OLD_CHARACTER_SET_CLIENT */;
/*!40101 SET CHARACTER_SET_RESULTS=@OLD_CHARACTER_SET_RESULTS */;
/*!40101 SET COLLATION_CONNECTION=@OLD_COLLATION_CONNECTION */;
